{"nodes":[{"proto_uri":"org\/acumos\/63e6a410-f1cc-4989-8899-44ddc38f9d74\/energy-databroker\/1.0.0\/energy-databroker-1.0.0.proto","image":"docker.io\/aditya2277\/energy-databroker:latest","node_type":"MLModel","container_name":"energy-databroker1","operation_signature_list":[{"connected_to":[{"container_name":"energy-training1","operation_signature":{"operation_name":"trainmodel"}}],"operation_signature":{"operation_name":"energydatabroker","output_message_name":"TrainRequest","input_message_name":"Empty","output_message_stream":false,"input_message_stream":false}}]},{"proto_uri":"org\/acumos\/37f8afdc-426b-4699-8ae7-04af295c5b2b\/energy-training\/1.0.0\/energy-training-1.0.0.proto","image":"docker.io\/aditya2277\/energy-training:latest","node_type":"MLModel","container_name":"energy-training1","operation_signature_list":[{"connected_to":[],"operation_signature":{"operation_name":"trainmodel","output_message_name":"TrainResponse","input_message_name":"TrainRequest","output_message_stream":false,"input_message_stream":false}}]},{"proto_uri":"org\/acumos\/cd6fd817-b839-47da-a074-e1298cb66d9d\/energy-prediction\/1.0.0\/energy-prediction-1.0.0.proto","image":"docker.io\/aditya2277\/energy-prediction:latest","node_type":"MLModel","container_name":"energy-prediction1","operation_signature_list":[]}],"name":"energy-predictor","pipeline_id":"1047a39c-2ebe-11ea-bbf7-52ce898b1042:cfa28f59-7c83-4a43-be82-1472c823ebb5:3f645130-b9f5-4f35-9a79-e977a15cc155","creation_date":"2025-04-04 11:55:42.634324","type":"pipeline-topology\/v2","version":"1.0.0"}